{
  "Update API" : {
    "transaction" : "Update API",
    "sampleCount" : 1,
    "errorCount" : 0,
    "errorPct" : 0.0,
    "meanResTime" : 298.0,
    "medianResTime" : 298.0,
    "minResTime" : 298.0,
    "maxResTime" : 298.0,
    "pct1ResTime" : 298.0,
    "pct2ResTime" : 298.0,
    "pct3ResTime" : 298.0,
    "throughput" : 3.3557046979865772,
    "receivedKBytesPerSec" : 1.2780515939597317,
    "sentKBytesPerSec" : 1.8089345637583893
  },
  "Total" : {
    "transaction" : "Total",
    "sampleCount" : 4,
    "errorCount" : 0,
    "errorPct" : 0.0,
    "meanResTime" : 627.0,
    "medianResTime" : 299.0,
    "minResTime" : 288.0,
    "maxResTime" : 1622.0,
    "pct1ResTime" : 1622.0,
    "pct2ResTime" : 1622.0,
    "pct3ResTime" : 1622.0,
    "throughput" : 1.5835312747426762,
    "receivedKBytesPerSec" : 2.7344523208630247,
    "sentKBytesPerSec" : 0.6193401128266034
  },
  "Get User List" : {
    "transaction" : "Get User List",
    "sampleCount" : 1,
    "errorCount" : 0,
    "errorPct" : 0.0,
    "meanResTime" : 288.0,
    "medianResTime" : 288.0,
    "minResTime" : 288.0,
    "maxResTime" : 288.0,
    "pct1ResTime" : 288.0,
    "pct2ResTime" : 288.0,
    "pct3ResTime" : 288.0,
    "throughput" : 3.472222222222222,
    "receivedKBytesPerSec" : 19.985622829861114,
    "sentKBytesPerSec" : 1.28173828125
  },
  "Get Customer Info" : {
    "transaction" : "Get Customer Info",
    "sampleCount" : 1,
    "errorCount" : 0,
    "errorPct" : 0.0,
    "meanResTime" : 300.0,
    "medianResTime" : 300.0,
    "minResTime" : 300.0,
    "maxResTime" : 300.0,
    "pct1ResTime" : 300.0,
    "pct2ResTime" : 300.0,
    "pct3ResTime" : 300.0,
    "throughput" : 3.3333333333333335,
    "receivedKBytesPerSec" : 1.1588541666666667,
    "sentKBytesPerSec" : 1.240234375
  },
  "Login API" : {
    "transaction" : "Login API",
    "sampleCount" : 1,
    "errorCount" : 0,
    "errorPct" : 0.0,
    "meanResTime" : 1622.0,
    "medianResTime" : 1622.0,
    "minResTime" : 1622.0,
    "maxResTime" : 1622.0,
    "pct1ResTime" : 1622.0,
    "pct2ResTime" : 1622.0,
    "pct3ResTime" : 1622.0,
    "throughput" : 0.6165228113440198,
    "receivedKBytesPerSec" : 0.26069763409371144,
    "sentKBytesPerSec" : 0.17520325986436497
  }
}