{
  "Total" : {
    "transaction" : "Total",
    "sampleCount" : 1000,
    "errorCount" : 0,
    "errorPct" : 0.0,
    "meanResTime" : 5049.042999999997,
    "medianResTime" : 4132.5,
    "minResTime" : 558.0,
    "maxResTime" : 29363.0,
    "pct1ResTime" : 9000.699999999999,
    "pct2ResTime" : 11843.749999999998,
    "pct3ResTime" : 26809.880000000077,
    "throughput" : 32.5807187306552,
    "receivedKBytesPerSec" : 67.98523762543576,
    "sentKBytesPerSec" : 4.486212247092171
  },
  "HTTP Request" : {
    "transaction" : "HTTP Request",
    "sampleCount" : 1000,
    "errorCount" : 0,
    "errorPct" : 0.0,
    "meanResTime" : 5049.042999999997,
    "medianResTime" : 4132.5,
    "minResTime" : 558.0,
    "maxResTime" : 29363.0,
    "pct1ResTime" : 9000.699999999999,
    "pct2ResTime" : 11843.749999999998,
    "pct3ResTime" : 26809.880000000077,
    "throughput" : 32.5807187306552,
    "receivedKBytesPerSec" : 67.98523762543576,
    "sentKBytesPerSec" : 4.486212247092171
  }
}